{"cameraMode":{"drawMode":0,"name":"Shaded","section":"Shading Mode"},"sceneLighting":false,"audioPlay":false,"sceneViewState":{"showFog":false,"showMaterialUpdate":false,"showSkybox":false,"showFlares":false,"showImageEffects":false,"showParticleSystems":false},"in2DMode":false,"pivot":{"x":0.47926566004753115,"y":0.9996589422225952,"z":0.5077803134918213},"rotation":{"x":-0.03111180290579796,"y":-0.9418624043464661,"z":0.09098900854587555,"w":-0.32197266817092898},"size":6.629528045654297,"orthographic":true}